[
  {
    "id": "demonstrate-the-json-data-formats",
    "description": "",
    "name": "Demonstrate the json data formats",
    "keyword": "Feature",
    "line": 1,
    "elements": [
      {
        "id": "demonstrate-the-json-data-formats;serialization-,-convert-object-to-json-and-print-its-string-value",
        "description": "",
        "name": "Serialization , convert object to json and print its string value",
        "keyword": "Scenario",
        "line": 2,
        "steps": [
          {
            "result": {
              "duration": 150744725,
              "status": "passed"
            },
            "name": "I create json string from object and write to file",
            "keyword": "When ",
            "line": 3,
            "match": {
              "location": "JsonExamples.i_create_json_string_from_object_and_write_to_file()"
            }
          },
          {
            "result": {
              "duration": 9746284,
              "status": "passed"
            },
            "name": "I print it as a string",
            "keyword": "Then ",
            "line": 4,
            "match": {
              "location": "JsonExamples.i_print_it_as_a_string()"
            }
          }
        ],
        "type": "scenario"
      },
      {
        "id": "demonstrate-the-json-data-formats;access-a-json-string-in-a-file",
        "description": "",
        "name": "Access a json string in a file",
        "keyword": "Scenario",
        "line": 5,
        "steps": [
          {
            "result": {
              "duration": 401921,
              "status": "passed"
            },
            "name": "I read json string from a file",
            "keyword": "When ",
            "line": 6,
            "match": {
              "location": "JsonExamples.i_read_json_string_from_a_file()"
            }
          },
          {
            "result": {
              "duration": 7122095,
              "status": "passed"
            },
            "name": "I parse the string and print keys and values",
            "keyword": "Then ",
            "line": 7,
            "match": {
              "location": "JsonExamples.i_parse_the_string_and_print_keys_and_values()"
            }
          }
        ],
        "type": "scenario"
      },
      {
        "after": [
          {
            "result": {
              "duration": 1180009443,
              "status": "passed"
            },
            "match": {
              "location": "Hooks.embedScreenshot(Scenario)"
            }
          }
        ],
        "id": "demonstrate-the-json-data-formats;accessing-a-json-data-file-and-filling-the-web-form",
        "tags": [
          {
            "name": "@web",
            "line": 8
          }
        ],
        "before": [
          {
            "result": {
              "duration": 2653889893,
              "status": "passed"
            },
            "match": {
              "location": "Hooks.openBrowser()"
            }
          }
        ],
        "description": "",
        "name": "Accessing a json data file and filling the web form",
        "keyword": "Scenario",
        "line": 9,
        "steps": [
          {
            "result": {
              "duration": 5599542245,
              "status": "passed"
            },
            "name": "I open practiceselenium website",
            "keyword": "When ",
            "line": 10,
            "match": {
              "location": "JsonExamples.i_open_practiceselenium_website()"
            }
          },
          {
            "result": {
              "duration": 1990722,
              "status": "passed"
            },
            "name": "I read the json data file \"practiceform.json\"",
            "keyword": "And ",
            "line": 11,
            "match": {
              "arguments": [
                {
                  "val": "practiceform.json",
                  "offset": 27
                }
              ],
              "location": "JsonExamples.i_read_the_json_data_file(String)"
            }
          },
          {
            "result": {
              "duration": 2962450530,
              "status": "passed"
            },
            "name": "I fill the form with data from json and submit",
            "keyword": "And ",
            "line": 12,
            "match": {
              "location": "JsonExamples.i_fill_the_form_with_data_from_json_and_submit()"
            }
          }
        ],
        "type": "scenario"
      }
    ],
    "uri": "features/JSONExamples.feature"
  }
]