[
  {
    "id": "identify-all-elements-on-form-and-submit",
    "description": "",
    "name": "Identify all elements on form and submit",
    "keyword": "Feature",
    "line": 1,
    "elements": [
      {
        "after": [
          {
            "result": {
              "duration": 570828065,
              "status": "passed"
            },
            "match": {
              "location": "Hooks.embedScreenshot(Scenario)"
            }
          }
        ],
        "id": "identify-all-elements-on-form-and-submit;complete-the-registration-form",
        "before": [
          {
            "result": {
              "duration": 1698504393,
              "status": "passed"
            },
            "match": {
              "location": "Hooks.openBrowser()"
            }
          }
        ],
        "description": "",
        "name": "Complete the registration form",
        "keyword": "Scenario",
        "line": 3,
        "steps": [
          {
            "result": {
              "duration": 2016525988,
              "status": "passed"
            },
            "name": "I open practiceselenium website",
            "keyword": "When ",
            "line": 4,
            "match": {
              "location": "SubmitForm.i_open_practiceselenium_website()"
            }
          },
          {
            "result": {
              "duration": 164255686,
              "status": "passed"
            },
            "name": "navigate to practiceform link",
            "keyword": "And ",
            "line": 5,
            "match": {
              "location": "SubmitForm.navigate_to_practiceform_link()"
            }
          },
          {
            "result": {
              "duration": 1136641761,
              "status": "passed"
            },
            "name": "I fill all fields on the form and submit",
            "keyword": "And ",
            "line": 6,
            "match": {
              "location": "SubmitForm.i_fill_all_fields_on_the_form_and_submit()"
            }
          },
          {
            "result": {
              "duration": 4508580,
              "status": "passed"
            },
            "name": "I should see successfully submitted",
            "keyword": "Then ",
            "line": 7,
            "match": {
              "location": "SubmitForm.i_should_see_successfully_submitted()"
            }
          }
        ],
        "type": "scenario"
      },
      {
        "after": [
          {
            "result": {
              "duration": 1070725429,
              "status": "passed"
            },
            "match": {
              "location": "Hooks.embedScreenshot(Scenario)"
            }
          }
        ],
        "id": "identify-all-elements-on-form-and-submit;open-practiceselenium.com-website-and-fill-multiple-values;;2",
        "before": [
          {
            "result": {
              "duration": 1072409065,
              "status": "passed"
            },
            "match": {
              "location": "Hooks.openBrowser()"
            }
          }
        ],
        "description": "",
        "name": "Open practiceselenium.com website and fill multiple values",
        "keyword": "Scenario Outline",
        "line": 17,
        "steps": [
          {
            "result": {
              "duration": 1066833484,
              "status": "passed"
            },
            "name": "I open practiceselenium website",
            "keyword": "When ",
            "line": 10,
            "match": {
              "location": "SubmitForm.i_open_practiceselenium_website()"
            }
          },
          {
            "result": {
              "duration": 656754660,
              "status": "passed"
            },
            "name": "I fill \"Pradeep\" \"kumar\" \"Male\" \"2\" \"1/1/2000\"",
            "keyword": "And ",
            "line": 11,
            "match": {
              "arguments": [
                {
                  "val": "Pradeep",
                  "offset": 8
                },
                {
                  "val": "kumar",
                  "offset": 18
                },
                {
                  "val": "Male",
                  "offset": 26
                },
                {
                  "val": "2",
                  "offset": 33
                },
                {
                  "val": "1/1/2000",
                  "offset": 37
                }
              ],
              "location": "SubmitForm.i_fill(String,String,String,String,String)"
            },
            "matchedColumns": [
              0,
              1,
              2,
              3,
              4
            ]
          },
          {
            "result": {
              "duration": 240013548,
              "status": "passed"
            },
            "name": "I fill \"Red Tea\" \"Break\" \"Europe\" and \"Navigation Commands\"",
            "keyword": "And ",
            "line": 12,
            "match": {
              "arguments": [
                {
                  "val": "Red Tea",
                  "offset": 8
                },
                {
                  "val": "Break",
                  "offset": 18
                },
                {
                  "val": "Europe",
                  "offset": 26
                },
                {
                  "val": "Navigation Commands",
                  "offset": 39
                }
              ],
              "location": "SubmitForm.i_fill_and(String,String,String,String)"
            },
            "matchedColumns": [
              5,
              6,
              7,
              8
            ]
          },
          {
            "result": {
              "duration": 587185729,
              "status": "passed"
            },
            "name": "I hit submit button",
            "keyword": "And ",
            "line": 13,
            "match": {
              "location": "SubmitForm.i_hit_submit_button()"
            }
          },
          {
            "result": {
              "duration": 7602841,
              "status": "passed"
            },
            "name": "I go back to Welcome page and verify title",
            "keyword": "Then ",
            "line": 14,
            "match": {
              "location": "SubmitForm.i_go_back_to_Welcome_page_and_verify_title()"
            }
          }
        ],
        "type": "scenario"
      },
      {
        "after": [
          {
            "result": {
              "duration": 1073418590,
              "status": "passed"
            },
            "match": {
              "location": "Hooks.embedScreenshot(Scenario)"
            }
          }
        ],
        "id": "identify-all-elements-on-form-and-submit;open-practiceselenium.com-website-and-fill-multiple-values;;3",
        "before": [
          {
            "result": {
              "duration": 565282043,
              "status": "passed"
            },
            "match": {
              "location": "Hooks.openBrowser()"
            }
          }
        ],
        "description": "",
        "name": "Open practiceselenium.com website and fill multiple values",
        "keyword": "Scenario Outline",
        "line": 18,
        "steps": [
          {
            "result": {
              "duration": 971009114,
              "status": "passed"
            },
            "name": "I open practiceselenium website",
            "keyword": "When ",
            "line": 10,
            "match": {
              "location": "SubmitForm.i_open_practiceselenium_website()"
            }
          },
          {
            "result": {
              "duration": 835768946,
              "status": "passed"
            },
            "name": "I fill \"Greg\" \"Mont\" \"Male\" \"1\" \"1/1/2001\"",
            "keyword": "And ",
            "line": 11,
            "match": {
              "arguments": [
                {
                  "val": "Greg",
                  "offset": 8
                },
                {
                  "val": "Mont",
                  "offset": 15
                },
                {
                  "val": "Male",
                  "offset": 22
                },
                {
                  "val": "1",
                  "offset": 29
                },
                {
                  "val": "1/1/2001",
                  "offset": 33
                }
              ],
              "location": "SubmitForm.i_fill(String,String,String,String,String)"
            },
            "matchedColumns": [
              0,
              1,
              2,
              3,
              4
            ]
          },
          {
            "result": {
              "duration": 234961409,
              "status": "passed"
            },
            "name": "I fill \"Black Tea\" \"Harmless Addiction\" \"Asia\" and \"Browser Commands\"",
            "keyword": "And ",
            "line": 12,
            "match": {
              "arguments": [
                {
                  "val": "Black Tea",
                  "offset": 8
                },
                {
                  "val": "Harmless Addiction",
                  "offset": 20
                },
                {
                  "val": "Asia",
                  "offset": 41
                },
                {
                  "val": "Browser Commands",
                  "offset": 52
                }
              ],
              "location": "SubmitForm.i_fill_and(String,String,String,String)"
            },
            "matchedColumns": [
              5,
              6,
              7,
              8
            ]
          },
          {
            "result": {
              "duration": 669710978,
              "status": "passed"
            },
            "name": "I hit submit button",
            "keyword": "And ",
            "line": 13,
            "match": {
              "location": "SubmitForm.i_hit_submit_button()"
            }
          },
          {
            "result": {
              "duration": 12020691,
              "status": "passed"
            },
            "name": "I go back to Welcome page and verify title",
            "keyword": "Then ",
            "line": 14,
            "match": {
              "location": "SubmitForm.i_go_back_to_Welcome_page_and_verify_title()"
            }
          }
        ],
        "type": "scenario"
      },
      {
        "after": [
          {
            "result": {
              "duration": 1069823877,
              "status": "passed"
            },
            "match": {
              "location": "Hooks.embedScreenshot(Scenario)"
            }
          }
        ],
        "id": "identify-all-elements-on-form-and-submit;open-practiceselenium.com-website-and-fill-multiple-values;;4",
        "before": [
          {
            "result": {
              "duration": 1083069628,
              "status": "passed"
            },
            "match": {
              "location": "Hooks.openBrowser()"
            }
          }
        ],
        "description": "",
        "name": "Open practiceselenium.com website and fill multiple values",
        "keyword": "Scenario Outline",
        "line": 19,
        "steps": [
          {
            "result": {
              "duration": 913159126,
              "status": "passed"
            },
            "name": "I open practiceselenium website",
            "keyword": "When ",
            "line": 10,
            "match": {
              "location": "SubmitForm.i_open_practiceselenium_website()"
            }
          },
          {
            "result": {
              "duration": 659410050,
              "status": "passed"
            },
            "name": "I fill \"Rex\" \"Morg\" \"Male\" \"3\" \"3/1/2010\"",
            "keyword": "And ",
            "line": 11,
            "match": {
              "arguments": [
                {
                  "val": "Rex",
                  "offset": 8
                },
                {
                  "val": "Morg",
                  "offset": 14
                },
                {
                  "val": "Male",
                  "offset": 21
                },
                {
                  "val": "3",
                  "offset": 28
                },
                {
                  "val": "3/1/2010",
                  "offset": 32
                }
              ],
              "location": "SubmitForm.i_fill(String,String,String,String,String)"
            },
            "matchedColumns": [
              0,
              1,
              2,
              3,
              4
            ]
          },
          {
            "result": {
              "duration": 203978980,
              "status": "passed"
            },
            "name": "I fill \"oolong tea\" \"Harmless Addiction\" \"USA\" and \"Wait Commands\"",
            "keyword": "And ",
            "line": 12,
            "match": {
              "arguments": [
                {
                  "val": "oolong tea",
                  "offset": 8
                },
                {
                  "val": "Harmless Addiction",
                  "offset": 21
                },
                {
                  "val": "USA",
                  "offset": 42
                },
                {
                  "val": "Wait Commands",
                  "offset": 52
                }
              ],
              "location": "SubmitForm.i_fill_and(String,String,String,String)"
            },
            "matchedColumns": [
              5,
              6,
              7,
              8
            ]
          },
          {
            "result": {
              "duration": 472271123,
              "status": "passed"
            },
            "name": "I hit submit button",
            "keyword": "And ",
            "line": 13,
            "match": {
              "location": "SubmitForm.i_hit_submit_button()"
            }
          },
          {
            "result": {
              "duration": 8806142,
              "status": "passed"
            },
            "name": "I go back to Welcome page and verify title",
            "keyword": "Then ",
            "line": 14,
            "match": {
              "location": "SubmitForm.i_go_back_to_Welcome_page_and_verify_title()"
            }
          }
        ],
        "type": "scenario"
      },
      {
        "after": [
          {
            "result": {
              "duration": 582783069,
              "status": "passed"
            },
            "match": {
              "location": "Hooks.embedScreenshot(Scenario)"
            }
          }
        ],
        "id": "identify-all-elements-on-form-and-submit;open-practiceselenium.com-website-and-fill-multiple-values;;5",
        "before": [
          {
            "result": {
              "duration": 574659660,
              "status": "passed"
            },
            "match": {
              "location": "Hooks.openBrowser()"
            }
          }
        ],
        "description": "",
        "name": "Open practiceselenium.com website and fill multiple values",
        "keyword": "Scenario Outline",
        "line": 20,
        "steps": [
          {
            "result": {
              "duration": 3406344938,
              "status": "passed"
            },
            "name": "I open practiceselenium website",
            "keyword": "When ",
            "line": 10,
            "match": {
              "location": "SubmitForm.i_open_practiceselenium_website()"
            }
          },
          {
            "result": {
              "duration": 231210690,
              "status": "passed"
            },
            "name": "I fill \"Captain\" \"Cook\" \"Male\" \"5\" \"5/2/2010\"",
            "keyword": "And ",
            "line": 11,
            "match": {
              "arguments": [
                {
                  "val": "Captain",
                  "offset": 8
                },
                {
                  "val": "Cook",
                  "offset": 18
                },
                {
                  "val": "Male",
                  "offset": 25
                },
                {
                  "val": "5",
                  "offset": 32
                },
                {
                  "val": "5/2/2010",
                  "offset": 36
                }
              ],
              "location": "SubmitForm.i_fill(String,String,String,String,String)"
            },
            "matchedColumns": [
              0,
              1,
              2,
              3,
              4
            ]
          },
          {
            "result": {
              "duration": 200789884,
              "status": "passed"
            },
            "name": "I fill \"Red Tea\" \"Harmless Addiction\" \"USA\" and \"Switch Commands\"",
            "keyword": "And ",
            "line": 12,
            "match": {
              "arguments": [
                {
                  "val": "Red Tea",
                  "offset": 8
                },
                {
                  "val": "Harmless Addiction",
                  "offset": 18
                },
                {
                  "val": "USA",
                  "offset": 39
                },
                {
                  "val": "Switch Commands",
                  "offset": 49
                }
              ],
              "location": "SubmitForm.i_fill_and(String,String,String,String)"
            },
            "matchedColumns": [
              5,
              6,
              7,
              8
            ]
          },
          {
            "result": {
              "duration": 586924625,
              "status": "passed"
            },
            "name": "I hit submit button",
            "keyword": "And ",
            "line": 13,
            "match": {
              "location": "SubmitForm.i_hit_submit_button()"
            }
          },
          {
            "result": {
              "duration": 11266113,
              "status": "passed"
            },
            "name": "I go back to Welcome page and verify title",
            "keyword": "Then ",
            "line": 14,
            "match": {
              "location": "SubmitForm.i_go_back_to_Welcome_page_and_verify_title()"
            }
          }
        ],
        "type": "scenario"
      },
      {
        "after": [
          {
            "result": {
              "duration": 1068840627,
              "status": "passed"
            },
            "match": {
              "location": "Hooks.embedScreenshot(Scenario)"
            }
          }
        ],
        "id": "identify-all-elements-on-form-and-submit;open-practiceselenium.com-website-and-fill-multiple-values;;6",
        "before": [
          {
            "result": {
              "duration": 1051386814,
              "status": "passed"
            },
            "match": {
              "location": "Hooks.openBrowser()"
            }
          }
        ],
        "description": "",
        "name": "Open practiceselenium.com website and fill multiple values",
        "keyword": "Scenario Outline",
        "line": 21,
        "steps": [
          {
            "result": {
              "duration": 1523137368,
              "status": "passed"
            },
            "name": "I open practiceselenium website",
            "keyword": "When ",
            "line": 10,
            "match": {
              "location": "SubmitForm.i_open_practiceselenium_website()"
            }
          },
          {
            "result": {
              "duration": 223644798,
              "status": "passed"
            },
            "name": "I fill \"Michele\" \"Bing\" \"Female\" \"5\" \"5/2/2011\"",
            "keyword": "And ",
            "line": 11,
            "match": {
              "arguments": [
                {
                  "val": "Michele",
                  "offset": 8
                },
                {
                  "val": "Bing",
                  "offset": 18
                },
                {
                  "val": "Female",
                  "offset": 25
                },
                {
                  "val": "5",
                  "offset": 34
                },
                {
                  "val": "5/2/2011",
                  "offset": 38
                }
              ],
              "location": "SubmitForm.i_fill(String,String,String,String,String)"
            },
            "matchedColumns": [
              0,
              1,
              2,
              3,
              4
            ]
          },
          {
            "result": {
              "duration": 203613597,
              "status": "passed"
            },
            "name": "I fill \"Black Tea\" \"Harmless Addiction\" \"USA\" and \"Switch Commands\"",
            "keyword": "And ",
            "line": 12,
            "match": {
              "arguments": [
                {
                  "val": "Black Tea",
                  "offset": 8
                },
                {
                  "val": "Harmless Addiction",
                  "offset": 20
                },
                {
                  "val": "USA",
                  "offset": 41
                },
                {
                  "val": "Switch Commands",
                  "offset": 51
                }
              ],
              "location": "SubmitForm.i_fill_and(String,String,String,String)"
            },
            "matchedColumns": [
              5,
              6,
              7,
              8
            ]
          },
          {
            "result": {
              "duration": 569254454,
              "status": "passed"
            },
            "name": "I hit submit button",
            "keyword": "And ",
            "line": 13,
            "match": {
              "location": "SubmitForm.i_hit_submit_button()"
            }
          },
          {
            "result": {
              "duration": 5844487,
              "status": "passed"
            },
            "name": "I go back to Welcome page and verify title",
            "keyword": "Then ",
            "line": 14,
            "match": {
              "location": "SubmitForm.i_go_back_to_Welcome_page_and_verify_title()"
            }
          }
        ],
        "type": "scenario"
      },
      {
        "after": [
          {
            "result": {
              "duration": 1078833648,
              "status": "passed"
            },
            "match": {
              "location": "Hooks.embedScreenshot(Scenario)"
            }
          }
        ],
        "id": "identify-all-elements-on-form-and-submit;open-practiceselenium.com-website-and-fill-fake-data",
        "before": [
          {
            "result": {
              "duration": 567531407,
              "status": "passed"
            },
            "match": {
              "location": "Hooks.openBrowser()"
            }
          }
        ],
        "description": "",
        "name": "Open practiceselenium.com website and fill fake data",
        "keyword": "Scenario",
        "line": 23,
        "steps": [
          {
            "result": {
              "duration": 898416947,
              "status": "passed"
            },
            "name": "I open practiceselenium website",
            "keyword": "When ",
            "line": 24,
            "match": {
              "location": "SubmitForm.i_open_practiceselenium_website()"
            }
          },
          {
            "result": {
              "duration": 1176162246,
              "status": "passed"
            },
            "name": "I fill the form with fake values",
            "keyword": "And ",
            "line": 25,
            "match": {
              "location": "SubmitForm.i_fill_the_form_with_fake_values()"
            }
          },
          {
            "result": {
              "duration": 669280729,
              "status": "passed"
            },
            "name": "I hit submit button",
            "keyword": "And ",
            "line": 26,
            "match": {
              "location": "SubmitForm.i_hit_submit_button()"
            }
          },
          {
            "result": {
              "duration": 9030708,
              "status": "passed"
            },
            "name": "I go back to Welcome page and verify title",
            "keyword": "Then ",
            "line": 27,
            "match": {
              "location": "SubmitForm.i_go_back_to_Welcome_page_and_verify_title()"
            }
          }
        ],
        "type": "scenario"
      }
    ],
    "uri": "features/SubmitForm.feature"
  }
]